{
    "learning_rate": 0.0007180373085823897,
    "exploration_initial_eps": 0.020376687832630747,
    "exploration_final_eps": 0.006925367680587714,
    "exploration_fraction": 0.30568450492820287,
    "batch_size": 128,
    "gamma": 0.9998513276031246,
    "target_update_interval": 3867
}