{
    "learning_rate": 0.0004605592804410109,
    "exploration_initial_eps": 0.5011032160932365,
    "exploration_final_eps": 0.09450097110190887,
    "exploration_fraction": 0.25126353725305844,
    "batch_size": 40
}