{
    "learning_rate": 8.028440150286555e-05,
    "exploration_initial_eps": 0.09940846901494617,
    "exploration_final_eps": 0.0041039196296623415,
    "exploration_fraction": 0.873427500510033,
    "batch_size": 256,
    "gamma": 0.9996836696735428,
    "target_update_interval": 4068
}