{
    "learning_rate": 0.00016777150049900093,
    "exploration_initial_eps": 0.024075813180570435,
    "exploration_final_eps": 0.0024108521543789816,
    "exploration_fraction": 0.2762695886252271,
    "batch_size": 256,
    "gamma": 0.9991979025475483,
    "target_update_interval": 5726
}